module,category,file,first_line,matched_patterns
automation,lifecycle/proxy,src/main/java/net/shadowmage/ancientwarfare/automation/AncientWarfareAutomation.java,8,net\.minecraftforge\.fml\.common\.event\.FML | net\.minecraftforge\.fml\.common\.SidedProxy | net\.minecraftforge\.fml\.common\.Mod\.(?:EventHandler|Instance)
automation,commands,src/main/java/net/shadowmage/ancientwarfare/automation/AncientWarfareAutomation.java,13,FMLServerStartingEvent
automation,gui/menu,src/main/java/net/shadowmage/ancientwarfare/automation/block/BlockAutoCrafting.java,54,openGui\(
automation,block/blockstate,src/main/java/net/shadowmage/ancientwarfare/automation/block/BlockAutoCrafting.java,3,net\.minecraft\.block\. | BlockStateContainer | createBlockState\( | getMetaFromState\(
automation,block/blockstate,src/main/java/net/shadowmage/ancientwarfare/automation/block/BlockBaseAutomation.java,3,net\.minecraft\.block\.
automation,rendering,src/main/java/net/shadowmage/ancientwarfare/automation/block/BlockBaseAutomation.java,31,ModelLoader\.setCustom
automation,block/blockstate,src/main/java/net/shadowmage/ancientwarfare/automation/block/BlockChunkLoaderSimple.java,3,net\.minecraft\.block\.
automation,block/blockstate,src/main/java/net/shadowmage/ancientwarfare/automation/block/BlockFlywheelController.java,8,net\.minecraft\.block\. | BlockStateContainer | getStateFromMeta\( | getMetaFromState\(
automation,rendering,src/main/java/net/shadowmage/ancientwarfare/automation/block/BlockFlywheelController.java,115,ModelLoader\.setCustom
automation,codechickenlib,src/main/java/net/shadowmage/ancientwarfare/automation/block/BlockFlywheelController.java,3,codechicken\.lib
automation,block/blockstate,src/main/java/net/shadowmage/ancientwarfare/automation/block/BlockFlywheelStorage.java,8,net\.minecraft\.block\. | BlockStateContainer | createBlockState\( | getStateFromMeta\( | getMetaFromState\(
automation,rendering,src/main/java/net/shadowmage/ancientwarfare/automation/block/BlockFlywheelStorage.java,133,ModelLoader\.setCustom
automation,codechickenlib,src/main/java/net/shadowmage/ancientwarfare/automation/block/BlockFlywheelStorage.java,3,codechicken\.lib
automation,block/blockstate,src/main/java/net/shadowmage/ancientwarfare/automation/block/BlockHandCrankedGenerator.java,7,net\.minecraft\.block\.
automation,rendering,src/main/java/net/shadowmage/ancientwarfare/automation/block/BlockHandCrankedGenerator.java,55,ModelLoader\.setCustom
automation,codechickenlib,src/main/java/net/shadowmage/ancientwarfare/automation/block/BlockHandCrankedGenerator.java,3,codechicken\.lib
automation,gui/menu,src/main/java/net/shadowmage/ancientwarfare/automation/block/BlockMailbox.java,59,openGui\(
automation,block/blockstate,src/main/java/net/shadowmage/ancientwarfare/automation/block/BlockMailbox.java,3,net\.minecraft\.block\. | BlockStateContainer | createBlockState\( | getStateFromMeta\( | getMetaFromState\(
automation,rendering,src/main/java/net/shadowmage/ancientwarfare/automation/block/BlockStirlingGenerator.java,54,ModelLoader\.setCustom
automation,codechickenlib,src/main/java/net/shadowmage/ancientwarfare/automation/block/BlockStirlingGenerator.java,3,codechicken\.lib
automation,block/blockstate,src/main/java/net/shadowmage/ancientwarfare/automation/block/BlockTorqueBase.java,5,net\.minecraft\.block\. | BlockStateContainer | createBlockState\( | getMetaFromState\(
automation,codechickenlib,src/main/java/net/shadowmage/ancientwarfare/automation/block/BlockTorqueBase.java,3,codechicken\.lib
automation,rendering,src/main/java/net/shadowmage/ancientwarfare/automation/block/BlockTorqueDistributor.java,60,ModelLoader\.setCustom
automation,codechickenlib,src/main/java/net/shadowmage/ancientwarfare/automation/block/BlockTorqueDistributor.java,3,codechicken\.lib
automation,block/blockstate,src/main/java/net/shadowmage/ancientwarfare/automation/block/BlockTorqueGenerator.java,3,net\.minecraft\.block\.
automation,rendering,src/main/java/net/shadowmage/ancientwarfare/automation/block/BlockTorqueJunction.java,60,ModelLoader\.setCustom
automation,codechickenlib,src/main/java/net/shadowmage/ancientwarfare/automation/block/BlockTorqueJunction.java,3,codechicken\.lib
automation,block/blockstate,src/main/java/net/shadowmage/ancientwarfare/automation/block/BlockTorqueTransport.java,3,net\.minecraft\.block\. | BlockStateContainer | getStateFromMeta\( | getMetaFromState\(
automation,block/blockstate,src/main/java/net/shadowmage/ancientwarfare/automation/block/BlockTorqueTransportShaft.java,9,net\.minecraft\.block\. | BlockStateContainer
automation,rendering,src/main/java/net/shadowmage/ancientwarfare/automation/block/BlockTorqueTransportShaft.java,113,ModelLoader\.setCustom
automation,codechickenlib,src/main/java/net/shadowmage/ancientwarfare/automation/block/BlockTorqueTransportShaft.java,3,codechicken\.lib
automation,block/blockstate,src/main/java/net/shadowmage/ancientwarfare/automation/block/BlockTorqueTransportSided.java,4,net\.minecraft\.block\. | BlockStateContainer
automation,block/blockstate,src/main/java/net/shadowmage/ancientwarfare/automation/block/BlockWarehouseCraftingStation.java,3,net\.minecraft\.block\.
automation,block/blockstate,src/main/java/net/shadowmage/ancientwarfare/automation/block/BlockWarehouseInterface.java,3,net\.minecraft\.block\.
automation,block/blockstate,src/main/java/net/shadowmage/ancientwarfare/automation/block/BlockWarehouseStockLinker.java,4,net\.minecraft\.block\. | BlockStateContainer | createBlockState\( | getStateFromMeta\( | getMetaFromState\(
automation,block/blockstate,src/main/java/net/shadowmage/ancientwarfare/automation/block/BlockWarehouseStockViewer.java,4,net\.minecraft\.block\. | BlockStateContainer | createBlockState\( | getStateFromMeta\( | getMetaFromState\(
automation,block/blockstate,src/main/java/net/shadowmage/ancientwarfare/automation/block/BlockWarehouseStorage.java,3,net\.minecraft\.block\. | BlockStateContainer | createBlockState\( | getStateFromMeta\( | getMetaFromState\(
automation,rendering,src/main/java/net/shadowmage/ancientwarfare/automation/block/BlockWarehouseStorage.java,124,ModelLoader\.setCustom
automation,block/blockstate,src/main/java/net/shadowmage/ancientwarfare/automation/block/BlockWaterwheelGenerator.java,9,net\.minecraft\.block\. | BlockStateContainer
automation,rendering,src/main/java/net/shadowmage/ancientwarfare/automation/block/BlockWaterwheelGenerator.java,64,ModelLoader\.setCustom
automation,codechickenlib,src/main/java/net/shadowmage/ancientwarfare/automation/block/BlockWaterwheelGenerator.java,3,codechicken\.lib
automation,block/blockstate,src/main/java/net/shadowmage/ancientwarfare/automation/block/BlockWindmillBlade.java,8,net\.minecraft\.block\. | BlockStateContainer | createBlockState\(
automation,rendering,src/main/java/net/shadowmage/ancientwarfare/automation/block/BlockWindmillBlade.java,129,ModelLoader\.setCustom
automation,codechickenlib,src/main/java/net/shadowmage/ancientwarfare/automation/block/BlockWindmillBlade.java,3,codechicken\.lib
automation,rendering,src/main/java/net/shadowmage/ancientwarfare/automation/block/BlockWindmillGenerator.java,55,ModelLoader\.setCustom
automation,codechickenlib,src/main/java/net/shadowmage/ancientwarfare/automation/block/BlockWindmillGenerator.java,3,codechicken\.lib
automation,block/blockstate,src/main/java/net/shadowmage/ancientwarfare/automation/block/BlockWorksiteBase.java,3,net\.minecraft\.block\. | BlockStateContainer | createBlockState\( | getMetaFromState\(
automation,commands,src/main/java/net/shadowmage/ancientwarfare/automation/command/CommandWarehouse.java,3,ICommandSender | CommandBase
automation,block-entity,src/main/java/net/shadowmage/ancientwarfare/automation/container/ContainerStirlingGenerator.java,7,net\.minecraft\.tileentity\.
automation,capability/item-handler,src/main/java/net/shadowmage/ancientwarfare/automation/container/ContainerWarehouseCraftingStation.java,16,CombinedInvWrapper | InvWrapper
automation,capability/item-handler,src/main/java/net/shadowmage/ancientwarfare/automation/container/ContainerWorksiteAutoCrafting.java,13,CombinedInvWrapper | InvWrapper
automation,gui/menu,src/main/java/net/shadowmage/ancientwarfare/automation/gui/GuiChunkLoaderDeluxe.java,6,GuiContainer
automation,gui/menu,src/main/java/net/shadowmage/ancientwarfare/automation/gui/GuiMailboxInventory.java,6,GuiContainer | GuiScreen
automation,gui/menu,src/main/java/net/shadowmage/ancientwarfare/automation/gui/GuiMailboxInventorySideSetup.java,9,GuiContainer | GuiScreen
automation,gui/menu,src/main/java/net/shadowmage/ancientwarfare/automation/gui/GuiMailboxNameSelect.java,5,GuiContainer | GuiScreen
automation,gui/menu,src/main/java/net/shadowmage/ancientwarfare/automation/gui/GuiStirlingGenerator.java,6,GuiContainer
automation,gui/menu,src/main/java/net/shadowmage/ancientwarfare/automation/gui/GuiWarehouseControl.java,9,GuiContainer | openGui\(
automation,gui/menu,src/main/java/net/shadowmage/ancientwarfare/automation/gui/GuiWarehouseCraftingStation.java,5,GuiContainer
automation,gui/menu,src/main/java/net/shadowmage/ancientwarfare/automation/gui/GuiWarehouseInterface.java,7,GuiContainer
automation,gui/menu,src/main/java/net/shadowmage/ancientwarfare/automation/gui/GuiWarehouseStockLinker.java,7,GuiContainer
automation,gui/menu,src/main/java/net/shadowmage/ancientwarfare/automation/gui/GuiWarehouseStockViewer.java,7,GuiContainer
automation,gui/menu,src/main/java/net/shadowmage/ancientwarfare/automation/gui/GuiWarehouseStorage.java,8,GuiContainer
automation,gui/menu,src/main/java/net/shadowmage/ancientwarfare/automation/gui/GuiWorksiteAnimalControl.java,5,GuiContainer | openGui\(
automation,gui/menu,src/main/java/net/shadowmage/ancientwarfare/automation/gui/GuiWorksiteAutoCrafting.java,5,GuiContainer
automation,gui/menu,src/main/java/net/shadowmage/ancientwarfare/automation/gui/GuiWorksiteBase.java,6,GuiContainer | openGui\(
automation,gui/menu,src/main/java/net/shadowmage/ancientwarfare/automation/gui/GuiWorksiteBoundsAdjust.java,7,GuiContainer
automation,gui/menu,src/main/java/net/shadowmage/ancientwarfare/automation/gui/GuiWorksiteFishControl.java,5,GuiContainer | openGui\(
automation,gui/menu,src/main/java/net/shadowmage/ancientwarfare/automation/gui/GuiWorksiteInventorySideSelection.java,9,GuiContainer
automation,gui/menu,src/main/java/net/shadowmage/ancientwarfare/automation/gui/GuiWorksiteQuarry.java,17,openGui\(
automation,gui/menu,src/main/java/net/shadowmage/ancientwarfare/automation/gui/GuiWorksiteQuarryBounds.java,5,GuiContainer | openGui\(
automation,registry,src/main/java/net/shadowmage/ancientwarfare/automation/init/AWAutomationBlocks.java,8,RegistryEvent | GameRegistry | ObjectHolder
automation,registry,src/main/java/net/shadowmage/ancientwarfare/automation/init/AWAutomationItems.java,4,RegistryEvent | GameRegistry | ObjectHolder
automation,block-entity,src/main/java/net/shadowmage/ancientwarfare/automation/proxy/ClientProxyAutomation.java,101,TileEntitySpecialRenderer
automation,block/blockstate,src/main/java/net/shadowmage/ancientwarfare/automation/registry/FruitFarmRegistry.java,6,net\.minecraft\.block\.
automation,block/blockstate,src/main/java/net/shadowmage/ancientwarfare/automation/registry/TreeFarmRegistry.java,6,net\.minecraft\.block\.
automation,codechickenlib,src/main/java/net/shadowmage/ancientwarfare/automation/render/AnimatedBlockRenderer.java,3,codechicken\.lib
automation,rendering,src/main/java/net/shadowmage/ancientwarfare/automation/render/BaseAnimationRenderer.java,5,BufferBuilder
automation,codechickenlib,src/main/java/net/shadowmage/ancientwarfare/automation/render/BaseAnimationRenderer.java,3,codechicken\.lib
automation,codechickenlib,src/main/java/net/shadowmage/ancientwarfare/automation/render/BaseTorqueRenderer.java,3,codechicken\.lib
automation,codechickenlib,src/main/java/net/shadowmage/ancientwarfare/automation/render/FlywheelControllerRenderer.java,3,codechicken\.lib
automation,codechickenlib,src/main/java/net/shadowmage/ancientwarfare/automation/render/FlywheelStorageRenderer.java,3,codechicken\.lib
automation,codechickenlib,src/main/java/net/shadowmage/ancientwarfare/automation/render/HandCrankedGeneratorRenderer.java,3,codechicken\.lib
automation,codechickenlib,src/main/java/net/shadowmage/ancientwarfare/automation/render/ITESRRenderer.java,3,codechicken\.lib
automation,codechickenlib,src/main/java/net/shadowmage/ancientwarfare/automation/render/StirlingGeneratorRenderer.java,3,codechicken\.lib
automation,codechickenlib,src/main/java/net/shadowmage/ancientwarfare/automation/render/TorqueDistributorRenderer.java,3,codechicken\.lib
automation,codechickenlib,src/main/java/net/shadowmage/ancientwarfare/automation/render/TorqueJunctionRenderer.java,3,codechicken\.lib
automation,codechickenlib,src/main/java/net/shadowmage/ancientwarfare/automation/render/TorqueShaftRenderer.java,3,codechicken\.lib
automation,codechickenlib,src/main/java/net/shadowmage/ancientwarfare/automation/render/TorqueTieredRenderer.java,3,codechicken\.lib
automation,codechickenlib,src/main/java/net/shadowmage/ancientwarfare/automation/render/TorqueTransportSidedRenderer.java,3,codechicken\.lib
automation,block-entity,src/main/java/net/shadowmage/ancientwarfare/automation/render/WarehouseStockLinkerRenderer.java,6,TileEntitySpecialRenderer
automation,rendering,src/main/java/net/shadowmage/ancientwarfare/automation/render/WarehouseStockLinkerRenderer.java,5,GlStateManager
automation,block-entity,src/main/java/net/shadowmage/ancientwarfare/automation/render/WarehouseStockViewerRenderer.java,6,TileEntitySpecialRenderer
automation,rendering,src/main/java/net/shadowmage/ancientwarfare/automation/render/WarehouseStockViewerRenderer.java,5,GlStateManager
automation,codechickenlib,src/main/java/net/shadowmage/ancientwarfare/automation/render/WaterwheelGeneratorRenderer.java,3,codechicken\.lib
automation,rendering,src/main/java/net/shadowmage/ancientwarfare/automation/render/WindmillBladeRenderer.java,26,TRSRTransformation
automation,codechickenlib,src/main/java/net/shadowmage/ancientwarfare/automation/render/WindmillBladeRenderer.java,3,codechicken\.lib
automation,codechickenlib,src/main/java/net/shadowmage/ancientwarfare/automation/render/WindmillGeneratorRenderer.java,3,codechicken\.lib
automation,block-entity,src/main/java/net/shadowmage/ancientwarfare/automation/render/WorksiteRenderer.java,4,TileEntitySpecialRenderer
automation,rendering,src/main/java/net/shadowmage/ancientwarfare/automation/render/WorksiteRenderer.java,3,GlStateManager
automation,gui/menu,src/main/java/net/shadowmage/ancientwarfare/automation/tile/TileChunkLoaderDeluxe.java,33,openGui\(
automation,block-entity,src/main/java/net/shadowmage/ancientwarfare/automation/tile/TileMailbox.java,8,ITickable
automation,gui/menu,src/main/java/net/shadowmage/ancientwarfare/automation/tile/torque/TileStirlingGenerator.java,59,openGui\(
automation,block-entity,src/main/java/net/shadowmage/ancientwarfare/automation/tile/torque/TileStirlingGenerator.java,7,net\.minecraft\.tileentity\.
automation,block-entity,src/main/java/net/shadowmage/ancientwarfare/automation/tile/torque/TileTorqueBase.java,10,ITickable
automation,block/blockstate,src/main/java/net/shadowmage/ancientwarfare/automation/tile/torque/TileWaterwheelGenerator.java,3,net\.minecraft\.block\.
automation,block-entity,src/main/java/net/shadowmage/ancientwarfare/automation/tile/torque/multiblock/TileFlywheelStorage.java,5,ITickable
automation,block-entity,src/main/java/net/shadowmage/ancientwarfare/automation/tile/torque/multiblock/TileWindmillBlade.java,6,ITickable
automation,block-entity,src/main/java/net/shadowmage/ancientwarfare/automation/tile/warehouse2/TileControlled.java,5,ITickable
automation,gui/menu,src/main/java/net/shadowmage/ancientwarfare/automation/tile/warehouse2/TileWarehouseBase.java,463,openGui\(
automation,gui/menu,src/main/java/net/shadowmage/ancientwarfare/automation/tile/warehouse2/TileWarehouseCraftingStation.java,57,openGui\(
automation,gui/menu,src/main/java/net/shadowmage/ancientwarfare/automation/tile/warehouse2/TileWarehouseInterface.java,81,openGui\(
automation,gui/menu,src/main/java/net/shadowmage/ancientwarfare/automation/tile/warehouse2/TileWarehouseStockLinker.java,157,openGui\(
automation,gui/menu,src/main/java/net/shadowmage/ancientwarfare/automation/tile/warehouse2/TileWarehouseStockViewer.java,105,openGui\(
automation,gui/menu,src/main/java/net/shadowmage/ancientwarfare/automation/tile/warehouse2/TileWarehouseStorage.java,170,openGui\(
automation,gui/menu,src/main/java/net/shadowmage/ancientwarfare/automation/tile/worksite/TileAutoCrafting.java,122,openGui\(
automation,capability/item-handler,src/main/java/net/shadowmage/ancientwarfare/automation/tile/worksite/TileAutoCrafting.java,14,CombinedInvWrapper | InvWrapper
automation,block-entity,src/main/java/net/shadowmage/ancientwarfare/automation/tile/worksite/TileWorksiteBase.java,13,ITickable
automation,gui/menu,src/main/java/net/shadowmage/ancientwarfare/automation/tile/worksite/WorkSiteAnimalFarm.java,448,openGui\(
automation,entity/ai,src/main/java/net/shadowmage/ancientwarfare/automation/tile/worksite/WorkSiteAnimalFarm.java,7,net\.minecraft\.entity\.
automation,gui/menu,src/main/java/net/shadowmage/ancientwarfare/automation/tile/worksite/WorkSiteFishFarm.java,170,openGui\(
automation,block/blockstate,src/main/java/net/shadowmage/ancientwarfare/automation/tile/worksite/WorkSiteFishFarm.java,3,net\.minecraft\.block\.
automation,gui/menu,src/main/java/net/shadowmage/ancientwarfare/automation/tile/worksite/WorkSiteQuarry.java,287,openGui\(
automation,block/blockstate,src/main/java/net/shadowmage/ancientwarfare/automation/tile/worksite/cropfarm/CropDefault.java,3,net\.minecraft\.block\.
automation,block/blockstate,src/main/java/net/shadowmage/ancientwarfare/automation/tile/worksite/cropfarm/CropGourd.java,3,net\.minecraft\.block\.
automation,block/blockstate,src/main/java/net/shadowmage/ancientwarfare/automation/tile/worksite/cropfarm/CropStem.java,3,net\.minecraft\.block\.
automation,block/blockstate,src/main/java/net/shadowmage/ancientwarfare/automation/tile/worksite/cropfarm/CropTall.java,3,net\.minecraft\.block\.
automation,gui/menu,src/main/java/net/shadowmage/ancientwarfare/automation/tile/worksite/cropfarm/WorkSiteCropFarm.java,100,openGui\(
automation,block/blockstate,src/main/java/net/shadowmage/ancientwarfare/automation/tile/worksite/cropfarm/WorkSiteCropFarm.java,4,net\.minecraft\.block\.
automation,capability/item-handler,src/main/java/net/shadowmage/ancientwarfare/automation/tile/worksite/cropfarm/WorkSiteCropFarm.java,20,CombinedInvWrapper | InvWrapper
automation,block/blockstate,src/main/java/net/shadowmage/ancientwarfare/automation/tile/worksite/fruitfarm/FruitCocoa.java,4,net\.minecraft\.block\.
automation,gui/menu,src/main/java/net/shadowmage/ancientwarfare/automation/tile/worksite/fruitfarm/WorkSiteFruitFarm.java,49,openGui\(
automation,block/blockstate,src/main/java/net/shadowmage/ancientwarfare/automation/tile/worksite/fruitfarm/WorkSiteFruitFarm.java,3,net\.minecraft\.block\.
automation,capability/item-handler,src/main/java/net/shadowmage/ancientwarfare/automation/tile/worksite/fruitfarm/WorkSiteFruitFarm.java,11,CombinedInvWrapper | InvWrapper
automation,block/blockstate,src/main/java/net/shadowmage/ancientwarfare/automation/tile/worksite/treefarm/ChorusScanner.java,4,net\.minecraft\.block\.
automation,gui/menu,src/main/java/net/shadowmage/ancientwarfare/automation/tile/worksite/treefarm/WorkSiteTreeFarm.java,214,openGui\(
automation,block/blockstate,src/main/java/net/shadowmage/ancientwarfare/automation/tile/worksite/treefarm/WorkSiteTreeFarm.java,4,net\.minecraft\.block\.
automation,capability/item-handler,src/main/java/net/shadowmage/ancientwarfare/automation/tile/worksite/treefarm/WorkSiteTreeFarm.java,23,CombinedInvWrapper | InvWrapper
core,lifecycle/proxy,src/main/java/net/shadowmage/ancientwarfare/core/AncientWarfareCore.java,11,net\.minecraftforge\.fml\.common\.event\.FML | net\.minecraftforge\.fml\.common\.SidedProxy | net\.minecraftforge\.fml\.common\.Mod\.(?:EventHandler|Instance)
core,registry,src/main/java/net/shadowmage/ancientwarfare/core/AncientWarfareCore.java,7,RegistryEvent
core,commands,src/main/java/net/shadowmage/ancientwarfare/core/AncientWarfareCore.java,17,FMLServerStartingEvent
core,codechickenlib,src/main/java/net/shadowmage/ancientwarfare/core/AncientWarfareCore.java,3,codechicken\.lib
core,block/blockstate,src/main/java/net/shadowmage/ancientwarfare/core/block/BlockBase.java,4,net\.minecraft\.block\.
core,block/blockstate,src/main/java/net/shadowmage/ancientwarfare/core/block/BlockBaseCore.java,3,net\.minecraft\.block\.
core,rendering,src/main/java/net/shadowmage/ancientwarfare/core/block/BlockBaseCore.java,36,ModelLoader\.setCustom
core,gui/menu,src/main/java/net/shadowmage/ancientwarfare/core/block/BlockEngineeringStation.java,64,openGui\(
core,block/blockstate,src/main/java/net/shadowmage/ancientwarfare/core/block/BlockEngineeringStation.java,3,net\.minecraft\.block\. | BlockStateContainer | createBlockState\( | getStateFromMeta\( | getMetaFromState\(
core,block/blockstate,src/main/java/net/shadowmage/ancientwarfare/core/block/BlockResearchStation.java,3,net\.minecraft\.block\. | BlockStateContainer | createBlockState\( | getStateFromMeta\( | getMetaFromState\(
core,commands,src/main/java/net/shadowmage/ancientwarfare/core/command/CommandResearch.java,3,ICommandSender | CommandBase
core,worldgen,src/main/java/net/shadowmage/ancientwarfare/core/command/CommandUtils.java,18,BiomeDictionary
core,commands,src/main/java/net/shadowmage/ancientwarfare/core/command/CommandUtils.java,5,ICommandSender
core,commands,src/main/java/net/shadowmage/ancientwarfare/core/command/ISubCommand.java,4,ICommandSender
core,commands,src/main/java/net/shadowmage/ancientwarfare/core/command/ParentCommand.java,4,ICommandSender
core,commands,src/main/java/net/shadowmage/ancientwarfare/core/command/RootCommand.java,3,ICommandSender | CommandBase
core,commands,src/main/java/net/shadowmage/ancientwarfare/core/command/SimpleSubCommand.java,4,ICommandSender
core,ftb-legacy,src/main/java/net/shadowmage/ancientwarfare/core/compat/ftb/FTBTeamViewer.java,18,ForgeTeam | ForgePlayer | Universe
core,capability/item-handler,src/main/java/net/shadowmage/ancientwarfare/core/compat/jei/MultiRecipeTransferHandler.java,21,CombinedInvWrapper | InvWrapper
core,capability/item-handler,src/main/java/net/shadowmage/ancientwarfare/core/compat/jei/PacketTransferRecipe.java,10,CombinedInvWrapper | InvWrapper
core,capability/item-handler,src/main/java/net/shadowmage/ancientwarfare/core/container/ContainerEngineeringStation.java,16,CombinedInvWrapper | InvWrapper
core,registry,src/main/java/net/shadowmage/ancientwarfare/core/crafting/AWCraftingManager.java,143,ForgeRegistries\.[A-Z_]+\.register
core,registry,src/main/java/net/shadowmage/ancientwarfare/core/entity/AWEntityRegistry.java,6,EntityRegistry
core,gui/menu,src/main/java/net/shadowmage/ancientwarfare/core/gui/GuiBackpack.java,8,GuiContainer
core,gui/menu,src/main/java/net/shadowmage/ancientwarfare/core/gui/GuiContainerBase.java,5,GuiContainer
core,rendering,src/main/java/net/shadowmage/ancientwarfare/core/gui/GuiContainerBase.java,6,GlStateManager
core,gui/menu,src/main/java/net/shadowmage/ancientwarfare/core/gui/GuiFileSelect.java,12,GuiContainer | GuiScreen
core,gui/menu,src/main/java/net/shadowmage/ancientwarfare/core/gui/GuiInfoTool.java,10,GuiContainer
core,gui/menu,src/main/java/net/shadowmage/ancientwarfare/core/gui/GuiResearchBook.java,29,GuiContainer
core,gui/menu,src/main/java/net/shadowmage/ancientwarfare/core/gui/GuiSelectFromList.java,16,GuiContainer | GuiScreen
core,gui/menu,src/main/java/net/shadowmage/ancientwarfare/core/gui/Listener.java,3,GuiContainer
core,gui/menu,src/main/java/net/shadowmage/ancientwarfare/core/gui/crafting/GuiEngineeringStation.java,5,GuiContainer
core,gui/menu,src/main/java/net/shadowmage/ancientwarfare/core/gui/crafting/ResearchCraftingElement.java,5,GuiContainer
core,gui/menu,src/main/java/net/shadowmage/ancientwarfare/core/gui/elements/Button.java,10,GuiContainer
core,rendering,src/main/java/net/shadowmage/ancientwarfare/core/gui/elements/Button.java,5,GlStateManager
core,gui/menu,src/main/java/net/shadowmage/ancientwarfare/core/gui/elements/Checkbox.java,9,GuiContainer
core,gui/menu,src/main/java/net/shadowmage/ancientwarfare/core/gui/elements/ClickableArea.java,3,GuiContainer
core,gui/menu,src/main/java/net/shadowmage/ancientwarfare/core/gui/elements/Composite.java,6,GuiContainer
core,gui/menu,src/main/java/net/shadowmage/ancientwarfare/core/gui/elements/CompositeItemSlots.java,11,GuiContainer
core,rendering,src/main/java/net/shadowmage/ancientwarfare/core/gui/elements/CompositeItemSlots.java,5,GlStateManager
core,gui/menu,src/main/java/net/shadowmage/ancientwarfare/core/gui/elements/CompositeScrolled.java,6,GuiContainer
core,gui/menu,src/main/java/net/shadowmage/ancientwarfare/core/gui/elements/CompositeTabbed.java,6,GuiContainer
core,gui/menu,src/main/java/net/shadowmage/ancientwarfare/core/gui/elements/GuiElement.java,8,GuiContainer
core,gui/menu,src/main/java/net/shadowmage/ancientwarfare/core/gui/elements/ImageButton.java,7,GuiContainer
core,rendering,src/main/java/net/shadowmage/ancientwarfare/core/gui/elements/ImageButton.java,5,GlStateManager
core,gui/menu,src/main/java/net/shadowmage/ancientwarfare/core/gui/elements/ItemSlot.java,11,GuiContainer
core,rendering,src/main/java/net/shadowmage/ancientwarfare/core/gui/elements/ItemSlot.java,5,GlStateManager
core,gui/menu,src/main/java/net/shadowmage/ancientwarfare/core/gui/elements/ItemToggleButton.java,10,GuiContainer
core,rendering,src/main/java/net/shadowmage/ancientwarfare/core/gui/elements/ItemToggleButton.java,5,GlStateManager
core,rendering,src/main/java/net/shadowmage/ancientwarfare/core/gui/elements/Line.java,4,GlStateManager
core,gui/menu,src/main/java/net/shadowmage/ancientwarfare/core/gui/elements/NumberInput.java,3,GuiContainer
core,rendering,src/main/java/net/shadowmage/ancientwarfare/core/gui/elements/Rectangle.java,3,GlStateManager
core,gui/menu,src/main/java/net/shadowmage/ancientwarfare/core/gui/elements/Scrollbar.java,8,GuiContainer
core,gui/menu,src/main/java/net/shadowmage/ancientwarfare/core/gui/elements/Tab.java,8,GuiContainer
core,gui/menu,src/main/java/net/shadowmage/ancientwarfare/core/gui/elements/Text.java,7,GuiContainer
core,rendering,src/main/java/net/shadowmage/ancientwarfare/core/gui/elements/Text.java,4,GlStateManager
core,gui/menu,src/main/java/net/shadowmage/ancientwarfare/core/gui/elements/TextButton.java,6,GuiContainer
core,gui/menu,src/main/java/net/shadowmage/ancientwarfare/core/gui/elements/TexturedButton.java,8,GuiContainer
core,rendering,src/main/java/net/shadowmage/ancientwarfare/core/gui/elements/Tooltip.java,5,GlStateManager | BufferBuilder
core,gui/menu,src/main/java/net/shadowmage/ancientwarfare/core/gui/manual/GuiManual.java,10,GuiContainer
core,gui/menu,src/main/java/net/shadowmage/ancientwarfare/core/gui/manual/Page.java,3,GuiContainer
core,rendering,src/main/java/net/shadowmage/ancientwarfare/core/gui/manual/elements/ImageElementWrapper.java,6,GlStateManager
core,rendering,src/main/java/net/shadowmage/ancientwarfare/core/gui/manual/elements/ItemElementWrapper.java,5,GlStateManager
core,gui/menu,src/main/java/net/shadowmage/ancientwarfare/core/gui/manual/elements/TableOfContentsWrapper.java,7,GuiContainer
core,gui/menu,src/main/java/net/shadowmage/ancientwarfare/core/gui/options/OptionsGuiFactory.java,4,GuiScreen
core,gui/menu,src/main/java/net/shadowmage/ancientwarfare/core/gui/research/GuiResearchStation.java,11,GuiContainer | GuiScreen
core,gui/menu,src/main/java/net/shadowmage/ancientwarfare/core/gui/research/GuiResearchStationSelection.java,7,GuiContainer | GuiScreen
core,registry,src/main/java/net/shadowmage/ancientwarfare/core/init/AWCoreBlocks.java,7,RegistryEvent | GameRegistry | ObjectHolder
core,registry,src/main/java/net/shadowmage/ancientwarfare/core/init/AWCoreItems.java,4,RegistryEvent | GameRegistry | ObjectHolder
core,gui/menu,src/main/java/net/shadowmage/ancientwarfare/core/item/ItemBackpack.java,47,openGui\(
core,entity/ai,src/main/java/net/shadowmage/ancientwarfare/core/item/ItemHammer.java,9,net\.minecraft\.entity\. | SharedMonsterAttributes
core,gui/menu,src/main/java/net/shadowmage/ancientwarfare/core/item/ItemInfoTool.java,143,openGui\(
core,gui/menu,src/main/java/net/shadowmage/ancientwarfare/core/item/ItemManual.java,44,openGui\(
core,entity/ai,src/main/java/net/shadowmage/ancientwarfare/core/item/ItemQuill.java,8,net\.minecraft\.entity\. | SharedMonsterAttributes
core,gui/menu,src/main/java/net/shadowmage/ancientwarfare/core/item/ItemResearchBook.java,59,openGui\(
core,gui/menu,src/main/java/net/shadowmage/ancientwarfare/core/network/NetworkHandler.java,12,IGuiHandler | openGui\(
core,gui/menu,src/main/java/net/shadowmage/ancientwarfare/core/network/PacketGui.java,67,openGui\(
core,entity/ai,src/main/java/net/shadowmage/ancientwarfare/core/owner/Owner.java,5,net\.minecraft\.entity\.
core,registry,src/main/java/net/shadowmage/ancientwarfare/core/proxy/ClientProxyBase.java,4,RegistryEvent
core,rendering,src/main/java/net/shadowmage/ancientwarfare/core/render/BaseBakery.java,24,TRSRTransformation
core,codechickenlib,src/main/java/net/shadowmage/ancientwarfare/core/render/BaseBakery.java,3,codechicken\.lib
core,block/blockstate,src/main/java/net/shadowmage/ancientwarfare/core/render/BlockStateKeyGenerator.java,3,IBlockState
core,codechickenlib,src/main/java/net/shadowmage/ancientwarfare/core/render/BlockStateKeyGenerator.java,3,codechicken\.lib
core,codechickenlib,src/main/java/net/shadowmage/ancientwarfare/core/render/RotatableBlockRenderer.java,3,codechicken\.lib
core,block/blockstate,src/main/java/net/shadowmage/ancientwarfare/core/render/property/CoreProperties.java,3,net\.minecraft\.block\.
core,gui/menu,src/main/java/net/shadowmage/ancientwarfare/core/tile/TileResearchStation.java,301,openGui\(
core,block-entity,src/main/java/net/shadowmage/ancientwarfare/core/tile/TileResearchStation.java,10,ITickable
core,block/blockstate,src/main/java/net/shadowmage/ancientwarfare/core/util/BlockFinder.java,107,getMetaFromState\(
core,block/blockstate,src/main/java/net/shadowmage/ancientwarfare/core/util/BlockTools.java,8,net\.minecraft\.block\. | BlockStateContainer
core,entity/ai,src/main/java/net/shadowmage/ancientwarfare/core/util/EntityTools.java,4,net\.minecraft\.entity\.
core,rendering,src/main/java/net/shadowmage/ancientwarfare/core/util/ModelLoaderHelper.java,63,ModelLoader\.setCustom
core,codechickenlib,src/main/java/net/shadowmage/ancientwarfare/core/util/RayTraceUtils.java,3,codechicken\.lib
core,block-entity,src/main/java/net/shadowmage/ancientwarfare/core/util/RenderTools.java,8,TileEntitySpecialRenderer
core,rendering,src/main/java/net/shadowmage/ancientwarfare/core/util/RenderTools.java,3,GlStateManager | BufferBuilder
npc,lifecycle/proxy,src/main/java/net/shadowmage/ancientwarfare/npc/AncientWarfareNPC.java,9,net\.minecraftforge\.fml\.common\.event\.FML | net\.minecraftforge\.fml\.common\.SidedProxy | net\.minecraftforge\.fml\.common\.Mod\.(?:EventHandler|Instance)
npc,commands,src/main/java/net/shadowmage/ancientwarfare/npc/AncientWarfareNPC.java,15,FMLServerStartingEvent
npc,entity/ai,src/main/java/net/shadowmage/ancientwarfare/npc/ai/AIHelper.java,6,net\.minecraft\.entity\. | SharedMonsterAttributes
npc,entity/ai,src/main/java/net/shadowmage/ancientwarfare/npc/ai/NpcAI.java,4,net\.minecraft\.entity\. | SharedMonsterAttributes | shouldExecute\(
npc,entity/ai,src/main/java/net/shadowmage/ancientwarfare/npc/ai/NpcAIAttack.java,4,net\.minecraft\.entity\. | SharedMonsterAttributes | shouldExecute\( | updateTask\(
npc,entity/ai,src/main/java/net/shadowmage/ancientwarfare/npc/ai/NpcAIAttackMeleeLongRange.java,3,net\.minecraft\.entity\. | SharedMonsterAttributes | setMutexBits\(
npc,entity/ai,src/main/java/net/shadowmage/ancientwarfare/npc/ai/NpcAIAttackNearest.java,6,net\.minecraft\.entity\. | EntityAI[A-Z] | shouldExecute\(
npc,entity/ai,src/main/java/net/shadowmage/ancientwarfare/npc/ai/NpcAIBlockWithShield.java,29,shouldExecute\( | updateTask\(
npc,entity/ai,src/main/java/net/shadowmage/ancientwarfare/npc/ai/NpcAIDistressResponse.java,12,setMutexBits\( | shouldExecute\( | updateTask\(
npc,entity/ai,src/main/java/net/shadowmage/ancientwarfare/npc/ai/NpcAIDoor.java,34,shouldExecute\( | updateTask\(
npc,block/blockstate,src/main/java/net/shadowmage/ancientwarfare/npc/ai/NpcAIDoor.java,3,net\.minecraft\.block\.
npc,entity/ai,src/main/java/net/shadowmage/ancientwarfare/npc/ai/NpcAIFleeHostiles.java,5,net\.minecraft\.entity\. | EntityAI[A-Z] | setMutexBits\( | shouldExecute\( | updateTask\(
npc,entity/ai,src/main/java/net/shadowmage/ancientwarfare/npc/ai/NpcAIFollowPlayer.java,14,setMutexBits\( | shouldExecute\( | updateTask\(
npc,entity/ai,src/main/java/net/shadowmage/ancientwarfare/npc/ai/NpcAIHurt.java,4,net\.minecraft\.entity\. | EntityAI[A-Z]
npc,entity/ai,src/main/java/net/shadowmage/ancientwarfare/npc/ai/NpcAIMedicBase.java,5,net\.minecraft\.entity\. | EntityAI[A-Z] | SharedMonsterAttributes | setMutexBits\( | shouldExecute\( | updateTask\(
npc,entity/ai,src/main/java/net/shadowmage/ancientwarfare/npc/ai/NpcAIMoveHome.java,20,setMutexBits\( | shouldExecute\( | updateTask\(
npc,entity/ai,src/main/java/net/shadowmage/ancientwarfare/npc/ai/NpcAIRideHorse.java,4,net\.minecraft\.entity\. | EntityAI[A-Z] | SharedMonsterAttributes | shouldExecute\(
npc,entity/ai,src/main/java/net/shadowmage/ancientwarfare/npc/ai/NpcAISing.java,30,shouldExecute\( | updateTask\(
npc,entity/ai,src/main/java/net/shadowmage/ancientwarfare/npc/ai/NpcAIWander.java,3,net\.minecraft\.entity\. | setMutexBits\( | shouldExecute\(
npc,entity/ai,src/main/java/net/shadowmage/ancientwarfare/npc/ai/NpcAIWatchClosest.java,4,net\.minecraft\.entity\. | EntityAI[A-Z] | shouldExecute\(
npc,block/blockstate,src/main/java/net/shadowmage/ancientwarfare/npc/ai/NpcNavigator.java,3,net\.minecraft\.block\.
npc,block/blockstate,src/main/java/net/shadowmage/ancientwarfare/npc/ai/NpcWalkNodeProcessor.java,4,net\.minecraft\.block\.
npc,entity/ai,src/main/java/net/shadowmage/ancientwarfare/npc/ai/faction/NpcAIFactionArcherStayAtHome.java,9,setMutexBits\( | shouldExecute\( | updateTask\(
npc,entity/ai,src/main/java/net/shadowmage/ancientwarfare/npc/ai/faction/NpcAIFactionFleeSun.java,27,shouldExecute\(
npc,entity/ai,src/main/java/net/shadowmage/ancientwarfare/npc/ai/faction/NpcAIFactionHurt.java,6,net\.minecraft\.entity\. | EntityAI[A-Z]
npc,entity/ai,src/main/java/net/shadowmage/ancientwarfare/npc/ai/faction/NpcAIFactionPanic.java,4,net\.minecraft\.entity\. | EntityAI[A-Z]
npc,entity/ai,src/main/java/net/shadowmage/ancientwarfare/npc/ai/faction/NpcAIFactionRangedAttack.java,3,net\.minecraft\.entity\. | SharedMonsterAttributes
npc,entity/ai,src/main/java/net/shadowmage/ancientwarfare/npc/ai/faction/NpcAIFactionRestrictSun.java,3,net\.minecraft\.entity\. | EntityAI[A-Z] | shouldExecute\(
npc,entity/ai,src/main/java/net/shadowmage/ancientwarfare/npc/ai/faction/NpcAIFactionRideHorse.java,4,net\.minecraft\.entity\.
npc,entity/ai,src/main/java/net/shadowmage/ancientwarfare/npc/ai/owned/NpcAIOwnerHurtByTarget.java,4,net\.minecraft\.entity\. | EntityAI[A-Z] | setMutexBits\( | shouldExecute\(
npc,entity/ai,src/main/java/net/shadowmage/ancientwarfare/npc/ai/owned/NpcAIOwnerHurtTarget.java,4,net\.minecraft\.entity\. | EntityAI[A-Z] | setMutexBits\( | shouldExecute\(
npc,entity/ai,src/main/java/net/shadowmage/ancientwarfare/npc/ai/owned/NpcAIPlayerOwnedAlarmResponse.java,11,setMutexBits\( | shouldExecute\( | updateTask\(
npc,entity/ai,src/main/java/net/shadowmage/ancientwarfare/npc/ai/owned/NpcAIPlayerOwnedAttackRanged.java,4,net\.minecraft\.entity\. | setMutexBits\(
npc,entity/ai,src/main/java/net/shadowmage/ancientwarfare/npc/ai/owned/NpcAIPlayerOwnedCommander.java,3,net\.minecraft\.entity\. | SharedMonsterAttributes | shouldExecute\( | updateTask\(
npc,entity/ai,src/main/java/net/shadowmage/ancientwarfare/npc/ai/owned/NpcAIPlayerOwnedCourier.java,31,setMutexBits\( | shouldExecute\( | updateTask\(
npc,entity/ai,src/main/java/net/shadowmage/ancientwarfare/npc/ai/owned/NpcAIPlayerOwnedFindWorksite.java,27,shouldExecute\(
npc,entity/ai,src/main/java/net/shadowmage/ancientwarfare/npc/ai/owned/NpcAIPlayerOwnedFollowCommand.java,4,net\.minecraft\.entity\. | setMutexBits\( | shouldExecute\( | updateTask\(
npc,entity/ai,src/main/java/net/shadowmage/ancientwarfare/npc/ai/owned/NpcAIPlayerOwnedGetFood.java,12,setMutexBits\( | shouldExecute\( | updateTask\(
npc,entity/ai,src/main/java/net/shadowmage/ancientwarfare/npc/ai/owned/NpcAIPlayerOwnedIdleWhenHungry.java,12,setMutexBits\( | shouldExecute\( | updateTask\(
npc,entity/ai,src/main/java/net/shadowmage/ancientwarfare/npc/ai/owned/NpcAIPlayerOwnedPatrol.java,22,setMutexBits\( | shouldExecute\( | updateTask\(
npc,entity/ai,src/main/java/net/shadowmage/ancientwarfare/npc/ai/owned/NpcAIPlayerOwnedPriest.java,30,setMutexBits\( | shouldExecute\( | updateTask\(
npc,entity/ai,src/main/java/net/shadowmage/ancientwarfare/npc/ai/owned/NpcAIPlayerOwnedRideHorse.java,3,net\.minecraft\.entity\. | updateTask\(
npc,entity/ai,src/main/java/net/shadowmage/ancientwarfare/npc/ai/owned/NpcAIPlayerOwnedTrader.java,38,setMutexBits\( | shouldExecute\( | updateTask\(
npc,entity/ai,src/main/java/net/shadowmage/ancientwarfare/npc/ai/owned/NpcAIPlayerOwnedWork.java,28,setMutexBits\( | shouldExecute\( | updateTask\(
npc,entity/ai,src/main/java/net/shadowmage/ancientwarfare/npc/ai/owned/NpcAIPlayerOwnedWorkRandom.java,19,setMutexBits\( | shouldExecute\( | updateTask\(
npc,entity/ai,src/main/java/net/shadowmage/ancientwarfare/npc/ai/vehicle/NpcAIAimVehicle.java,17,shouldExecute\( | updateTask\(
npc,entity/ai,src/main/java/net/shadowmage/ancientwarfare/npc/ai/vehicle/NpcAIDismountVehicle.java,13,shouldExecute\(
npc,entity/ai,src/main/java/net/shadowmage/ancientwarfare/npc/ai/vehicle/NpcAIFindVehicle.java,22,shouldExecute\( | updateTask\(
npc,entity/ai,src/main/java/net/shadowmage/ancientwarfare/npc/ai/vehicle/NpcAIFireVehicle.java,16,shouldExecute\( | updateTask\(
npc,entity/ai,src/main/java/net/shadowmage/ancientwarfare/npc/ai/vehicle/NpcAIMountVehicle.java,16,shouldExecute\( | updateTask\(
npc,block/blockstate,src/main/java/net/shadowmage/ancientwarfare/npc/block/BlockBaseNPC.java,3,net\.minecraft\.block\.
npc,rendering,src/main/java/net/shadowmage/ancientwarfare/npc/block/BlockBaseNPC.java,29,ModelLoader\.setCustom
npc,block/blockstate,src/main/java/net/shadowmage/ancientwarfare/npc/block/BlockTownHall.java,4,net\.minecraft\.block\.
npc,commands,src/main/java/net/shadowmage/ancientwarfare/npc/command/CommandDebugAI.java,3,ICommandSender | CommandBase
npc,commands,src/main/java/net/shadowmage/ancientwarfare/npc/command/CommandFaction.java,3,ICommandSender | CommandBase
npc,commands,src/main/java/net/shadowmage/ancientwarfare/npc/command/CommandTeams.java,3,ICommandSender
npc,entity/ai,src/main/java/net/shadowmage/ancientwarfare/npc/compat/EpicSiegeCompat.java,18,EntityAI[A-Z]
npc,network,src/main/java/net/shadowmage/ancientwarfare/npc/compat/ebwizardry/ai/EntityAIAttackSpellImproved.java,17,simpleimpl\.(?:IMessage|IMessageHandler)
npc,entity/ai,src/main/java/net/shadowmage/ancientwarfare/npc/compat/ebwizardry/ai/EntityAIAttackSpellImproved.java,23,net\.minecraft\.entity\. | EntityAI[A-Z] | setMutexBits\( | shouldExecute\( | updateTask\(
npc,wizardry-legacy,src/main/java/net/shadowmage/ancientwarfare/npc/compat/ebwizardry/ai/EntityAIAttackSpellImproved.java,3,electroblob\.wizardry
npc,wizardry-legacy,src/main/java/net/shadowmage/ancientwarfare/npc/container/ContainerNpcFactionSpellcasterWizardry.java,3,electroblob\.wizardry
npc,registry,src/main/java/net/shadowmage/ancientwarfare/npc/crafting/AWNpcCrafting.java,9,RegistryEvent
npc,registry,src/main/java/net/shadowmage/ancientwarfare/npc/datafixes/FactionEntityFixer.java,8,RegistryEvent | EntityRegistry
npc,registry,src/main/java/net/shadowmage/ancientwarfare/npc/datafixes/FactionExpansionEntityFixer.java,12,EntityRegistry
npc,registry,src/main/java/net/shadowmage/ancientwarfare/npc/datafixes/FactionSpawnerItemFixer.java,11,EntityRegistry
npc,entity/ai,src/main/java/net/shadowmage/ancientwarfare/npc/entity/NoFriendlyFirePotion.java,4,net\.minecraft\.entity\.
npc,gui/menu,src/main/java/net/shadowmage/ancientwarfare/npc/entity/NpcBard.java,74,openGui\(
npc,entity/ai,src/main/java/net/shadowmage/ancientwarfare/npc/entity/NpcBard.java,4,net\.minecraft\.entity\. | EntityAI[A-Z]
npc,gui/menu,src/main/java/net/shadowmage/ancientwarfare/npc/entity/NpcBase.java,429,openGui\(
npc,entity/ai,src/main/java/net/shadowmage/ancientwarfare/npc/entity/NpcBase.java,10,net\.minecraft\.entity\. | SharedMonsterAttributes
npc,block/blockstate,src/main/java/net/shadowmage/ancientwarfare/npc/entity/NpcBase.java,4,net\.minecraft\.block\.
npc,entity/ai,src/main/java/net/shadowmage/ancientwarfare/npc/entity/NpcCombat.java,7,net\.minecraft\.entity\. | EntityAI[A-Z]
npc,entity/ai,src/main/java/net/shadowmage/ancientwarfare/npc/entity/NpcCourier.java,4,net\.minecraft\.entity\. | EntityAI[A-Z]
npc,entity/ai,src/main/java/net/shadowmage/ancientwarfare/npc/entity/NpcLevelingStats.java,3,net\.minecraft\.entity\. | SharedMonsterAttributes
npc,entity/ai,src/main/java/net/shadowmage/ancientwarfare/npc/entity/NpcPlayerOwned.java,5,net\.minecraft\.entity\. | SharedMonsterAttributes
npc,entity/ai,src/main/java/net/shadowmage/ancientwarfare/npc/entity/NpcPriest.java,4,net\.minecraft\.entity\. | EntityAI[A-Z]
npc,gui/menu,src/main/java/net/shadowmage/ancientwarfare/npc/entity/NpcTrader.java,118,openGui\(
npc,entity/ai,src/main/java/net/shadowmage/ancientwarfare/npc/entity/NpcTrader.java,5,net\.minecraft\.entity\. | EntityAI[A-Z]
npc,entity/ai,src/main/java/net/shadowmage/ancientwarfare/npc/entity/NpcWorker.java,4,net\.minecraft\.entity\. | EntityAI[A-Z]
npc,entity/ai,src/main/java/net/shadowmage/ancientwarfare/npc/entity/RangeAttackHelper.java,5,net\.minecraft\.entity\.
npc,entity/ai,src/main/java/net/shadowmage/ancientwarfare/npc/entity/faction/NpcFaction.java,7,net\.minecraft\.entity\. | SharedMonsterAttributes
npc,entity/ai,src/main/java/net/shadowmage/ancientwarfare/npc/entity/faction/NpcFactionArcher.java,7,net\.minecraft\.entity\. | EntityAI[A-Z]
npc,gui/menu,src/main/java/net/shadowmage/ancientwarfare/npc/entity/faction/NpcFactionBard.java,77,openGui\(
npc,entity/ai,src/main/java/net/shadowmage/ancientwarfare/npc/entity/faction/NpcFactionBard.java,5,net\.minecraft\.entity\. | EntityAI[A-Z]
npc,entity/ai,src/main/java/net/shadowmage/ancientwarfare/npc/entity/faction/NpcFactionCivilian.java,5,net\.minecraft\.entity\. | EntityAI[A-Z]
npc,entity/ai,src/main/java/net/shadowmage/ancientwarfare/npc/entity/faction/NpcFactionLeader.java,4,net\.minecraft\.entity\. | EntityAI[A-Z]
npc,entity/ai,src/main/java/net/shadowmage/ancientwarfare/npc/entity/faction/NpcFactionMounted.java,4,net\.minecraft\.entity\.
npc,entity/ai,src/main/java/net/shadowmage/ancientwarfare/npc/entity/faction/NpcFactionMountedArcher.java,7,net\.minecraft\.entity\. | EntityAI[A-Z]
npc,entity/ai,src/main/java/net/shadowmage/ancientwarfare/npc/entity/faction/NpcFactionMountedSoldier.java,4,net\.minecraft\.entity\. | EntityAI[A-Z]
npc,entity/ai,src/main/java/net/shadowmage/ancientwarfare/npc/entity/faction/NpcFactionPriest.java,5,net\.minecraft\.entity\. | EntityAI[A-Z]
npc,entity/ai,src/main/java/net/shadowmage/ancientwarfare/npc/entity/faction/NpcFactionSiegeEngineer.java,5,net\.minecraft\.entity\. | EntityAI[A-Z]
npc,entity/ai,src/main/java/net/shadowmage/ancientwarfare/npc/entity/faction/NpcFactionSoldier.java,4,net\.minecraft\.entity\. | EntityAI[A-Z]
npc,entity/ai,src/main/java/net/shadowmage/ancientwarfare/npc/entity/faction/NpcFactionSpellcaster.java,4,net\.minecraft\.entity\. | EntityAI[A-Z]
npc,gui/menu,src/main/java/net/shadowmage/ancientwarfare/npc/entity/faction/NpcFactionSpellcasterWizardry.java,206,openGui\(
npc,entity/ai,src/main/java/net/shadowmage/ancientwarfare/npc/entity/faction/NpcFactionSpellcasterWizardry.java,12,net\.minecraft\.entity\. | EntityAI[A-Z]
npc,wizardry-legacy,src/main/java/net/shadowmage/ancientwarfare/npc/entity/faction/NpcFactionSpellcasterWizardry.java,3,electroblob\.wizardry
npc,gui/menu,src/main/java/net/shadowmage/ancientwarfare/npc/entity/faction/NpcFactionTrader.java,81,openGui\(
npc,entity/ai,src/main/java/net/shadowmage/ancientwarfare/npc/entity/faction/NpcFactionTrader.java,5,net\.minecraft\.entity\. | EntityAI[A-Z]
npc,entity/ai,src/main/java/net/shadowmage/ancientwarfare/npc/entity/vehicle/NpcSiegeEngineer.java,6,net\.minecraft\.entity\. | EntityAI[A-Z] | SharedMonsterAttributes | shouldExecute\(
npc,entity/ai,src/main/java/net/shadowmage/ancientwarfare/npc/event/EventHandler.java,8,net\.minecraft\.entity\. | EntityAI[A-Z]
npc,gui/menu,src/main/java/net/shadowmage/ancientwarfare/npc/gui/GuiCombatOrder.java,5,GuiContainer
npc,gui/menu,src/main/java/net/shadowmage/ancientwarfare/npc/gui/GuiNpcBard.java,6,GuiContainer | openGui\(
npc,gui/menu,src/main/java/net/shadowmage/ancientwarfare/npc/gui/GuiNpcCreativeControls.java,6,GuiContainer | GuiScreen
npc,gui/menu,src/main/java/net/shadowmage/ancientwarfare/npc/gui/GuiNpcFactionBard.java,6,GuiContainer | openGui\(
npc,gui/menu,src/main/java/net/shadowmage/ancientwarfare/npc/gui/GuiNpcFactionSpellcasterWizardry.java,6,GuiContainer
npc,wizardry-legacy,src/main/java/net/shadowmage/ancientwarfare/npc/gui/GuiNpcFactionSpellcasterWizardry.java,3,electroblob\.wizardry
npc,gui/menu,src/main/java/net/shadowmage/ancientwarfare/npc/gui/GuiNpcFactionTradeSetup.java,6,GuiContainer | GuiScreen
npc,gui/menu,src/main/java/net/shadowmage/ancientwarfare/npc/gui/GuiNpcFactionTradeView.java,6,GuiContainer | openGui\(
npc,gui/menu,src/main/java/net/shadowmage/ancientwarfare/npc/gui/GuiNpcInventory.java,7,GuiContainer | GuiScreen | openGui\(
npc,gui/menu,src/main/java/net/shadowmage/ancientwarfare/npc/gui/GuiNpcPlayerOwnedTrade.java,5,GuiContainer | openGui\(
npc,gui/menu,src/main/java/net/shadowmage/ancientwarfare/npc/gui/GuiRoutingOrder.java,10,GuiContainer
npc,gui/menu,src/main/java/net/shadowmage/ancientwarfare/npc/gui/GuiSkinSelection.java,11,GuiContainer | GuiScreen
npc,rendering,src/main/java/net/shadowmage/ancientwarfare/npc/gui/GuiSkinSelection.java,4,GlStateManager
npc,gui/menu,src/main/java/net/shadowmage/ancientwarfare/npc/gui/GuiTownHallDeathList.java,5,GuiContainer | GuiScreen
npc,gui/menu,src/main/java/net/shadowmage/ancientwarfare/npc/gui/GuiTownHallInventory.java,5,GuiContainer | GuiScreen
npc,gui/menu,src/main/java/net/shadowmage/ancientwarfare/npc/gui/GuiTradeOrder.java,8,GuiContainer
npc,gui/menu,src/main/java/net/shadowmage/ancientwarfare/npc/gui/GuiTradeTemplateSave.java,4,GuiContainer | GuiScreen
npc,gui/menu,src/main/java/net/shadowmage/ancientwarfare/npc/gui/GuiTradeTemplateSelect.java,4,GuiContainer | GuiScreen
npc,gui/menu,src/main/java/net/shadowmage/ancientwarfare/npc/gui/GuiUpkeepOrder.java,6,GuiContainer
npc,gui/menu,src/main/java/net/shadowmage/ancientwarfare/npc/gui/GuiWorkOrder.java,6,GuiContainer
npc,registry,src/main/java/net/shadowmage/ancientwarfare/npc/init/AWNPCBlocks.java,7,RegistryEvent | GameRegistry | ObjectHolder
npc,registry,src/main/java/net/shadowmage/ancientwarfare/npc/init/AWNPCEntities.java,10,RegistryEvent | EntityRegistry
npc,registry,src/main/java/net/shadowmage/ancientwarfare/npc/init/AWNPCItems.java,10,RegistryEvent | GameRegistry | ObjectHolder
npc,registry,src/main/java/net/shadowmage/ancientwarfare/npc/init/AWNPCSounds.java,5,RegistryEvent | GameRegistry | ObjectHolder
npc,gui/menu,src/main/java/net/shadowmage/ancientwarfare/npc/item/ItemCombatOrder.java,38,openGui\(
npc,entity/ai,src/main/java/net/shadowmage/ancientwarfare/npc/item/ItemCommandBaton.java,12,net\.minecraft\.entity\. | SharedMonsterAttributes
npc,entity/ai,src/main/java/net/shadowmage/ancientwarfare/npc/item/ItemExtendedReachWeapon.java,4,net\.minecraft\.entity\. | SharedMonsterAttributes
npc,rendering,src/main/java/net/shadowmage/ancientwarfare/npc/item/ItemNpcSpawner.java,238,ModelLoader\.setCustom
npc,entity/ai,src/main/java/net/shadowmage/ancientwarfare/npc/item/ItemPitchfork.java,4,net\.minecraft\.entity\. | SharedMonsterAttributes
npc,gui/menu,src/main/java/net/shadowmage/ancientwarfare/npc/item/ItemRoutingOrder.java,39,openGui\(
npc,entity/ai,src/main/java/net/shadowmage/ancientwarfare/npc/item/ItemScythe.java,7,net\.minecraft\.entity\. | SharedMonsterAttributes
npc,entity/ai,src/main/java/net/shadowmage/ancientwarfare/npc/item/ItemSickle.java,4,net\.minecraft\.entity\. | SharedMonsterAttributes
npc,gui/menu,src/main/java/net/shadowmage/ancientwarfare/npc/item/ItemTradeOrder.java,44,openGui\(
npc,gui/menu,src/main/java/net/shadowmage/ancientwarfare/npc/item/ItemUpkeepOrder.java,33,openGui\(
npc,gui/menu,src/main/java/net/shadowmage/ancientwarfare/npc/item/ItemWorkOrder.java,37,openGui\(
npc,registry,src/main/java/net/shadowmage/ancientwarfare/npc/proxy/NpcClientProxy.java,10,RegistryEvent
npc,registry,src/main/java/net/shadowmage/ancientwarfare/npc/registry/FactionDefinition.java,5,EntityRegistry
npc,entity/ai,src/main/java/net/shadowmage/ancientwarfare/npc/registry/NpcDefault.java,3,net\.minecraft\.entity\. | SharedMonsterAttributes
npc,registry,src/main/java/net/shadowmage/ancientwarfare/npc/registry/OwnedNpcDefault.java,5,EntityRegistry
npc,entity/ai,src/main/java/net/shadowmage/ancientwarfare/npc/render/RenderNpcBase.java,14,net\.minecraft\.entity\.
npc,rendering,src/main/java/net/shadowmage/ancientwarfare/npc/render/RenderNpcBase.java,5,GlStateManager | BufferBuilder
npc,entity/ai,src/main/java/net/shadowmage/ancientwarfare/npc/render/RenderNpcFaction.java,5,net\.minecraft\.entity\.
npc,rendering,src/main/java/net/shadowmage/ancientwarfare/npc/render/RenderNpcFaction.java,3,GlStateManager
npc,rendering,src/main/java/net/shadowmage/ancientwarfare/npc/render/RenderWorkLines.java,4,GlStateManager
npc,gui/menu,src/main/java/net/shadowmage/ancientwarfare/npc/tile/TileTownHall.java,214,openGui\(
npc,block-entity,src/main/java/net/shadowmage/ancientwarfare/npc/tile/TileTownHall.java,12,ITickable
structure,lifecycle/proxy,src/main/java/net/shadowmage/ancientwarfare/structure/AncientWarfareStructure.java,12,net\.minecraftforge\.fml\.common\.event\.FML | net\.minecraftforge\.fml\.common\.SidedProxy | net\.minecraftforge\.fml\.common\.Mod\.(?:EventHandler|Instance)
structure,registry,src/main/java/net/shadowmage/ancientwarfare/structure/AncientWarfareStructure.java,21,GameRegistry | EntityRegistry
structure,worldgen,src/main/java/net/shadowmage/ancientwarfare/structure/AncientWarfareStructure.java,103,WorldGenerator
structure,commands,src/main/java/net/shadowmage/ancientwarfare/structure/AncientWarfareStructure.java,17,FMLServerStartingEvent
structure,rendering,src/main/java/net/shadowmage/ancientwarfare/structure/api/TemplateRuleBlock.java,5,BufferBuilder
structure,block/blockstate,src/main/java/net/shadowmage/ancientwarfare/structure/block/BlockAdvancedLootChest.java,4,net\.minecraft\.block\.
structure,block-entity,src/main/java/net/shadowmage/ancientwarfare/structure/block/BlockAdvancedLootChest.java,61,TileEntitySpecialRenderer
structure,rendering,src/main/java/net/shadowmage/ancientwarfare/structure/block/BlockAdvancedLootChest.java,53,ModelLoader\.setCustom
structure,codechickenlib,src/main/java/net/shadowmage/ancientwarfare/structure/block/BlockAdvancedLootChest.java,3,codechicken\.lib
structure,gui/menu,src/main/java/net/shadowmage/ancientwarfare/structure/block/BlockAdvancedSpawner.java,139,openGui\(
structure,block/blockstate,src/main/java/net/shadowmage/ancientwarfare/structure/block/BlockAdvancedSpawner.java,3,net\.minecraft\.block\. | BlockStateContainer | createBlockState\( | getMetaFromState\(
structure,block-entity,src/main/java/net/shadowmage/ancientwarfare/structure/block/BlockAdvancedSpawner.java,159,TileEntitySpecialRenderer
structure,block/blockstate,src/main/java/net/shadowmage/ancientwarfare/structure/block/BlockBaseStructure.java,3,net\.minecraft\.block\.
structure,rendering,src/main/java/net/shadowmage/ancientwarfare/structure/block/BlockBaseStructure.java,30,ModelLoader\.setCustom
structure,block/blockstate,src/main/java/net/shadowmage/ancientwarfare/structure/block/BlockBench.java,3,net\.minecraft\.block\. | BlockStateContainer | createBlockState\( | getStateFromMeta\( | getMetaFromState\(
structure,block/blockstate,src/main/java/net/shadowmage/ancientwarfare/structure/block/BlockBrazierEmber.java,3,net\.minecraft\.block\. | BlockStateContainer | createBlockState\( | getStateFromMeta\( | getMetaFromState\(
structure,rendering,src/main/java/net/shadowmage/ancientwarfare/structure/block/BlockBrazierEmber.java,204,ModelLoader\.setCustom
structure,block/blockstate,src/main/java/net/shadowmage/ancientwarfare/structure/block/BlockBrazierFlame.java,3,net\.minecraft\.block\. | BlockStateContainer | createBlockState\( | getStateFromMeta\( | getMetaFromState\(
structure,rendering,src/main/java/net/shadowmage/ancientwarfare/structure/block/BlockBrazierFlame.java,205,ModelLoader\.setCustom
structure,block/blockstate,src/main/java/net/shadowmage/ancientwarfare/structure/block/BlockChair.java,5,net\.minecraft\.block\. | BlockStateContainer | createBlockState\( | getStateFromMeta\( | getMetaFromState\(
structure,block/blockstate,src/main/java/net/shadowmage/ancientwarfare/structure/block/BlockCoffin.java,4,net\.minecraft\.block\.
structure,block/blockstate,src/main/java/net/shadowmage/ancientwarfare/structure/block/BlockCoinStack.java,7,net\.minecraft\.block\. | BlockStateContainer | createBlockState\( | getStateFromMeta\( | getMetaFromState\(
structure,rendering,src/main/java/net/shadowmage/ancientwarfare/structure/block/BlockCoinStack.java,190,ModelLoader\.setCustom
structure,block/blockstate,src/main/java/net/shadowmage/ancientwarfare/structure/block/BlockDecorativeFlag.java,4,net\.minecraft\.block\.
structure,block-entity,src/main/java/net/shadowmage/ancientwarfare/structure/block/BlockDecorativeFlag.java,49,TileEntitySpecialRenderer
structure,rendering,src/main/java/net/shadowmage/ancientwarfare/structure/block/BlockDecorativeFlag.java,41,ModelLoader\.setCustom
structure,codechickenlib,src/main/java/net/shadowmage/ancientwarfare/structure/block/BlockDecorativeFlag.java,3,codechicken\.lib
structure,gui/menu,src/main/java/net/shadowmage/ancientwarfare/structure/block/BlockDraftingStation.java,71,openGui\(
structure,block/blockstate,src/main/java/net/shadowmage/ancientwarfare/structure/block/BlockDraftingStation.java,3,net\.minecraft\.block\. | BlockStateContainer | createBlockState\( | getStateFromMeta\( | getMetaFromState\(
structure,block/blockstate,src/main/java/net/shadowmage/ancientwarfare/structure/block/BlockFirePit.java,3,net\.minecraft\.block\. | BlockStateContainer | createBlockState\( | getStateFromMeta\( | getMetaFromState\(
structure,rendering,src/main/java/net/shadowmage/ancientwarfare/structure/block/BlockFirePit.java,234,ModelLoader\.setCustom
structure,block/blockstate,src/main/java/net/shadowmage/ancientwarfare/structure/block/BlockFlag.java,3,net\.minecraft\.block\. | BlockStateContainer | createBlockState\( | getStateFromMeta\( | getMetaFromState\(
structure,block/blockstate,src/main/java/net/shadowmage/ancientwarfare/structure/block/BlockGateProxy.java,5,net\.minecraft\.block\.
structure,block-entity,src/main/java/net/shadowmage/ancientwarfare/structure/block/BlockGateProxy.java,55,TileEntitySpecialRenderer | createNewTileEntity\(
structure,rendering,src/main/java/net/shadowmage/ancientwarfare/structure/block/BlockGateProxy.java,118,ModelLoader\.setCustom
structure,codechickenlib,src/main/java/net/shadowmage/ancientwarfare/structure/block/BlockGateProxy.java,3,codechicken\.lib
structure,block/blockstate,src/main/java/net/shadowmage/ancientwarfare/structure/block/BlockGibbet.java,5,net\.minecraft\.block\. | BlockStateContainer | createBlockState\( | getStateFromMeta\( | getMetaFromState\(
structure,rendering,src/main/java/net/shadowmage/ancientwarfare/structure/block/BlockGibbet.java,240,ModelLoader\.setCustom
structure,block/blockstate,src/main/java/net/shadowmage/ancientwarfare/structure/block/BlockGoldenIdol.java,4,net\.minecraft\.block\. | BlockStateContainer | createBlockState\( | getStateFromMeta\( | getMetaFromState\(
structure,block/blockstate,src/main/java/net/shadowmage/ancientwarfare/structure/block/BlockGoldenThrone.java,4,net\.minecraft\.block\. | BlockStateContainer | createBlockState\( | getStateFromMeta\( | getMetaFromState\(
structure,rendering,src/main/java/net/shadowmage/ancientwarfare/structure/block/BlockGoldenThrone.java,104,ModelLoader\.setCustom
structure,block/blockstate,src/main/java/net/shadowmage/ancientwarfare/structure/block/BlockGravestone.java,4,net\.minecraft\.block\. | BlockStateContainer | createBlockState\( | getStateFromMeta\( | getMetaFromState\(
structure,block-entity,src/main/java/net/shadowmage/ancientwarfare/structure/block/BlockGravestone.java,186,TileEntitySpecialRenderer
structure,rendering,src/main/java/net/shadowmage/ancientwarfare/structure/block/BlockGravestone.java,163,ModelLoader\.setCustom
structure,block/blockstate,src/main/java/net/shadowmage/ancientwarfare/structure/block/BlockIronCage.java,5,net\.minecraft\.block\. | BlockStateContainer | createBlockState\( | getStateFromMeta\( | getMetaFromState\(
structure,rendering,src/main/java/net/shadowmage/ancientwarfare/structure/block/BlockIronCage.java,240,ModelLoader\.setCustom
structure,gui/menu,src/main/java/net/shadowmage/ancientwarfare/structure/block/BlockLootBasket.java,162,openGui\(
structure,block/blockstate,src/main/java/net/shadowmage/ancientwarfare/structure/block/BlockLootBasket.java,3,net\.minecraft\.block\. | BlockStateContainer | createBlockState\( | getStateFromMeta\( | getMetaFromState\(
structure,block/blockstate,src/main/java/net/shadowmage/ancientwarfare/structure/block/BlockMulti.java,3,net\.minecraft\.block\. | BlockStateContainer | createBlockState\( | getStateFromMeta\( | getMetaFromState\(
structure,block/blockstate,src/main/java/net/shadowmage/ancientwarfare/structure/block/BlockProtectionFlag.java,4,net\.minecraft\.block\.
structure,block-entity,src/main/java/net/shadowmage/ancientwarfare/structure/block/BlockProtectionFlag.java,77,TileEntitySpecialRenderer
structure,rendering,src/main/java/net/shadowmage/ancientwarfare/structure/block/BlockProtectionFlag.java,69,ModelLoader\.setCustom
structure,codechickenlib,src/main/java/net/shadowmage/ancientwarfare/structure/block/BlockProtectionFlag.java,3,codechicken\.lib
structure,block/blockstate,src/main/java/net/shadowmage/ancientwarfare/structure/block/BlockScissorSeat.java,5,net\.minecraft\.block\. | BlockStateContainer | createBlockState\( | getStateFromMeta\( | getMetaFromState\(
structure,block/blockstate,src/main/java/net/shadowmage/ancientwarfare/structure/block/BlockSeat.java,3,net\.minecraft\.block\.
structure,gui/menu,src/main/java/net/shadowmage/ancientwarfare/structure/block/BlockSoundBlock.java,80,openGui\(
structure,block/blockstate,src/main/java/net/shadowmage/ancientwarfare/structure/block/BlockSoundBlock.java,10,net\.minecraft\.block\. | BlockStateContainer | createBlockState\(
structure,rendering,src/main/java/net/shadowmage/ancientwarfare/structure/block/BlockSoundBlock.java,88,ModelLoader\.setCustom
structure,codechickenlib,src/main/java/net/shadowmage/ancientwarfare/structure/block/BlockSoundBlock.java,3,codechicken\.lib
structure,gui/menu,src/main/java/net/shadowmage/ancientwarfare/structure/block/BlockStake.java,130,openGui\(
structure,block/blockstate,src/main/java/net/shadowmage/ancientwarfare/structure/block/BlockStake.java,4,net\.minecraft\.block\. | BlockStateContainer | createBlockState\( | getStateFromMeta\( | getMetaFromState\(
structure,block-entity,src/main/java/net/shadowmage/ancientwarfare/structure/block/BlockStake.java,209,TileEntitySpecialRenderer
structure,rendering,src/main/java/net/shadowmage/ancientwarfare/structure/block/BlockStake.java,200,ModelLoader\.setCustom
structure,gui/menu,src/main/java/net/shadowmage/ancientwarfare/structure/block/BlockStatue.java,92,openGui\(
structure,block/blockstate,src/main/java/net/shadowmage/ancientwarfare/structure/block/BlockStatue.java,3,net\.minecraft\.block\.
structure,block-entity,src/main/java/net/shadowmage/ancientwarfare/structure/block/BlockStatue.java,50,TileEntitySpecialRenderer
structure,block/blockstate,src/main/java/net/shadowmage/ancientwarfare/structure/block/BlockStoneCoffin.java,5,net\.minecraft\.block\.
structure,block-entity,src/main/java/net/shadowmage/ancientwarfare/structure/block/BlockStoneCoffin.java,96,TileEntitySpecialRenderer
structure,rendering,src/main/java/net/shadowmage/ancientwarfare/structure/block/BlockStoneCoffin.java,88,ModelLoader\.setCustom
structure,codechickenlib,src/main/java/net/shadowmage/ancientwarfare/structure/block/BlockStoneCoffin.java,3,codechicken\.lib
structure,block/blockstate,src/main/java/net/shadowmage/ancientwarfare/structure/block/BlockStool.java,3,net\.minecraft\.block\. | BlockStateContainer | createBlockState\( | getStateFromMeta\( | getMetaFromState\(
structure,block/blockstate,src/main/java/net/shadowmage/ancientwarfare/structure/block/BlockStretchingRack.java,5,net\.minecraft\.block\. | BlockStateContainer | createBlockState\( | getStateFromMeta\( | getMetaFromState\(
structure,rendering,src/main/java/net/shadowmage/ancientwarfare/structure/block/BlockStretchingRack.java,250,ModelLoader\.setCustom
structure,block/blockstate,src/main/java/net/shadowmage/ancientwarfare/structure/block/BlockStructureBuilder.java,3,net\.minecraft\.block\.
structure,block-entity,src/main/java/net/shadowmage/ancientwarfare/structure/block/BlockStructureBuilder.java,102,TileEntitySpecialRenderer
structure,gui/menu,src/main/java/net/shadowmage/ancientwarfare/structure/block/BlockStructureScanner.java,38,openGui\(
structure,block/blockstate,src/main/java/net/shadowmage/ancientwarfare/structure/block/BlockStructureScanner.java,3,net\.minecraft\.block\. | BlockStateContainer | createBlockState\( | getMetaFromState\(
structure,block-entity,src/main/java/net/shadowmage/ancientwarfare/structure/block/BlockStructureScanner.java,80,TileEntitySpecialRenderer
structure,block/blockstate,src/main/java/net/shadowmage/ancientwarfare/structure/block/BlockTable.java,3,net\.minecraft\.block\. | BlockStateContainer | createBlockState\( | getStateFromMeta\( | getMetaFromState\(
structure,block/blockstate,src/main/java/net/shadowmage/ancientwarfare/structure/block/BlockTotemCube.java,3,net\.minecraft\.block\. | BlockStateContainer | createBlockState\( | getStateFromMeta\( | getMetaFromState\(
structure,block/blockstate,src/main/java/net/shadowmage/ancientwarfare/structure/block/BlockTotemPart.java,4,net\.minecraft\.block\. | BlockStateContainer | createBlockState\( | getStateFromMeta\( | getMetaFromState\(
structure,rendering,src/main/java/net/shadowmage/ancientwarfare/structure/block/BlockTotemPart.java,174,ModelLoader\.setCustom
structure,block/blockstate,src/main/java/net/shadowmage/ancientwarfare/structure/block/BlockTribalChair.java,5,net\.minecraft\.block\. | BlockStateContainer | createBlockState\( | getStateFromMeta\( | getMetaFromState\(
structure,block/blockstate,src/main/java/net/shadowmage/ancientwarfare/structure/block/BlockTribalStool.java,3,net\.minecraft\.block\. | BlockStateContainer | createBlockState\( | getStateFromMeta\( | getMetaFromState\(
structure,block/blockstate,src/main/java/net/shadowmage/ancientwarfare/structure/block/BlockUrn.java,4,net\.minecraft\.block\.
structure,block-entity,src/main/java/net/shadowmage/ancientwarfare/structure/block/BlockUrn.java,80,TileEntitySpecialRenderer
structure,block/blockstate,src/main/java/net/shadowmage/ancientwarfare/structure/block/BlockWoodenCoffin.java,5,net\.minecraft\.block\.
structure,block-entity,src/main/java/net/shadowmage/ancientwarfare/structure/block/BlockWoodenCoffin.java,95,TileEntitySpecialRenderer
structure,rendering,src/main/java/net/shadowmage/ancientwarfare/structure/block/BlockWoodenCoffin.java,86,ModelLoader\.setCustom
structure,codechickenlib,src/main/java/net/shadowmage/ancientwarfare/structure/block/BlockWoodenCoffin.java,3,codechicken\.lib
structure,block/blockstate,src/main/java/net/shadowmage/ancientwarfare/structure/block/BlockWoodenPost.java,5,net\.minecraft\.block\. | BlockStateContainer | createBlockState\( | getStateFromMeta\( | getMetaFromState\(
structure,rendering,src/main/java/net/shadowmage/ancientwarfare/structure/block/BlockWoodenPost.java,227,ModelLoader\.setCustom
structure,block/blockstate,src/main/java/net/shadowmage/ancientwarfare/structure/block/BlockWoodenThrone.java,4,net\.minecraft\.block\. | BlockStateContainer | createBlockState\( | getStateFromMeta\( | getMetaFromState\(
structure,block/blockstate,src/main/java/net/shadowmage/ancientwarfare/structure/block/altar/BlockAltarCandle.java,3,net\.minecraft\.block\.
structure,block/blockstate,src/main/java/net/shadowmage/ancientwarfare/structure/block/altar/BlockAltarLectern.java,3,net\.minecraft\.block\. | BlockStateContainer | createBlockState\( | getStateFromMeta\( | getMetaFromState\(
structure,block/blockstate,src/main/java/net/shadowmage/ancientwarfare/structure/block/altar/BlockAltarLongCloth.java,3,net\.minecraft\.block\.
structure,block/blockstate,src/main/java/net/shadowmage/ancientwarfare/structure/block/altar/BlockAltarShortCloth.java,3,net\.minecraft\.block\.
structure,block/blockstate,src/main/java/net/shadowmage/ancientwarfare/structure/block/altar/BlockAltarSun.java,3,net\.minecraft\.block\. | BlockStateContainer | createBlockState\( | getStateFromMeta\( | getMetaFromState\(
structure,block/blockstate,src/main/java/net/shadowmage/ancientwarfare/structure/block/altar/BlockAltarTop.java,4,net\.minecraft\.block\.
structure,commands,src/main/java/net/shadowmage/ancientwarfare/structure/command/CommandStructure.java,3,ICommandSender | CommandBase
structure,commands,src/main/java/net/shadowmage/ancientwarfare/structure/command/StatsCommand.java,4,ICommandSender
structure,block/blockstate,src/main/java/net/shadowmage/ancientwarfare/structure/config/AWStructureStatics.java,4,net\.minecraft\.block\.
structure,registry,src/main/java/net/shadowmage/ancientwarfare/structure/datafixes/WoodenCoffinFixer.java,8,RegistryEvent
structure,gui/menu,src/main/java/net/shadowmage/ancientwarfare/structure/entity/EntityGate.java,214,openGui\(
structure,entity/ai,src/main/java/net/shadowmage/ancientwarfare/structure/entity/EntityGate.java,8,net\.minecraft\.entity\.
structure,entity/ai,src/main/java/net/shadowmage/ancientwarfare/structure/event/OneShotEntityDespawnListener.java,5,net\.minecraft\.entity\.
structure,gui/menu,src/main/java/net/shadowmage/ancientwarfare/structure/gui/GuiDimensionSelection.java,6,GuiContainer | GuiScreen
structure,gui/menu,src/main/java/net/shadowmage/ancientwarfare/structure/gui/GuiDraftingStation.java,6,GuiContainer | GuiScreen
structure,gui/menu,src/main/java/net/shadowmage/ancientwarfare/structure/gui/GuiGateControl.java,4,GuiContainer
structure,gui/menu,src/main/java/net/shadowmage/ancientwarfare/structure/gui/GuiLootBasket.java,4,GuiContainer
structure,gui/menu,src/main/java/net/shadowmage/ancientwarfare/structure/gui/GuiLootChestPlacer.java,15,GuiContainer | GuiScreen
structure,gui/menu,src/main/java/net/shadowmage/ancientwarfare/structure/gui/GuiModSelection.java,6,GuiContainer | GuiScreen
structure,gui/menu,src/main/java/net/shadowmage/ancientwarfare/structure/gui/GuiSoundBlock.java,5,GuiContainer | GuiScreen
structure,gui/menu,src/main/java/net/shadowmage/ancientwarfare/structure/gui/GuiSoundSelect.java,6,GuiContainer | GuiScreen
structure,gui/menu,src/main/java/net/shadowmage/ancientwarfare/structure/gui/GuiSpawnerAdvanced.java,5,GuiContainer | GuiScreen
structure,gui/menu,src/main/java/net/shadowmage/ancientwarfare/structure/gui/GuiSpawnerAdvancedAddEntity.java,6,GuiContainer | GuiScreen
structure,gui/menu,src/main/java/net/shadowmage/ancientwarfare/structure/gui/GuiSpawnerAdvancedEntitySelection.java,7,GuiContainer | GuiScreen
structure,gui/menu,src/main/java/net/shadowmage/ancientwarfare/structure/gui/GuiSpawnerAdvancedInventory.java,4,GuiContainer
structure,gui/menu,src/main/java/net/shadowmage/ancientwarfare/structure/gui/GuiStake.java,7,GuiContainer | GuiScreen
structure,registry,src/main/java/net/shadowmage/ancientwarfare/structure/gui/GuiStatue.java,14,EntityRegistry
structure,gui/menu,src/main/java/net/shadowmage/ancientwarfare/structure/gui/GuiStatue.java,7,GuiContainer | GuiScreen
structure,gui/menu,src/main/java/net/shadowmage/ancientwarfare/structure/gui/GuiStructureBiomeSelection.java,7,GuiContainer | GuiScreen
structure,gui/menu,src/main/java/net/shadowmage/ancientwarfare/structure/gui/GuiStructureIncorrectName.java,4,GuiContainer | GuiScreen
structure,gui/menu,src/main/java/net/shadowmage/ancientwarfare/structure/gui/GuiStructureScanner.java,11,GuiContainer | GuiScreen
structure,gui/menu,src/main/java/net/shadowmage/ancientwarfare/structure/gui/GuiStructureSelectionBase.java,4,GuiContainer
structure,gui/menu,src/main/java/net/shadowmage/ancientwarfare/structure/gui/GuiStructureSelectionDraftingStation.java,24,GuiScreen
structure,gui/menu,src/main/java/net/shadowmage/ancientwarfare/structure/gui/GuiStructureValidationSettings.java,9,GuiContainer | GuiScreen
structure,gui/menu,src/main/java/net/shadowmage/ancientwarfare/structure/gui/GuiTownSelection.java,4,GuiContainer
structure,registry,src/main/java/net/shadowmage/ancientwarfare/structure/init/AWStructureBlocks.java,10,RegistryEvent | GameRegistry | ObjectHolder
structure,registry,src/main/java/net/shadowmage/ancientwarfare/structure/init/AWStructureItems.java,4,RegistryEvent | GameRegistry | ObjectHolder
structure,registry,src/main/java/net/shadowmage/ancientwarfare/structure/init/AWStructureSounds.java,5,RegistryEvent | GameRegistry | ObjectHolder
structure,gui/menu,src/main/java/net/shadowmage/ancientwarfare/structure/item/ItemBlockAdvancedSpawner.java,62,openGui\(
structure,block/blockstate,src/main/java/net/shadowmage/ancientwarfare/structure/item/ItemBlockCoffin.java,4,net\.minecraft\.block\.
structure,block/blockstate,src/main/java/net/shadowmage/ancientwarfare/structure/item/ItemBlockInfo.java,30,getMetaFromState\(
structure,block/blockstate,src/main/java/net/shadowmage/ancientwarfare/structure/item/ItemBlockPosts.java,4,net\.minecraft\.block\.
structure,block/blockstate,src/main/java/net/shadowmage/ancientwarfare/structure/item/ItemBlockStretchingRack.java,4,net\.minecraft\.block\.
structure,block/blockstate,src/main/java/net/shadowmage/ancientwarfare/structure/item/ItemConstructionTool.java,110,getStateFromMeta\( | getMetaFromState\(
structure,rendering,src/main/java/net/shadowmage/ancientwarfare/structure/item/ItemGateSpawner.java,237,ModelLoader\.setCustom
structure,registry,src/main/java/net/shadowmage/ancientwarfare/structure/item/ItemLootChestPlacer.java,25,EntityRegistry
structure,gui/menu,src/main/java/net/shadowmage/ancientwarfare/structure/item/ItemLootChestPlacer.java,68,openGui\(
structure,gui/menu,src/main/java/net/shadowmage/ancientwarfare/structure/item/ItemSpawnerPlacer.java,217,openGui\(
structure,gui/menu,src/main/java/net/shadowmage/ancientwarfare/structure/item/ItemStructureBuilder.java,104,openGui\(
structure,gui/menu,src/main/java/net/shadowmage/ancientwarfare/structure/item/ItemStructureScanner.java,94,openGui\(
structure,gui/menu,src/main/java/net/shadowmage/ancientwarfare/structure/item/ItemTownBuilder.java,92,openGui\(
structure,registry,src/main/java/net/shadowmage/ancientwarfare/structure/proxy/ClientProxyStructure.java,12,RegistryEvent
structure,codechickenlib,src/main/java/net/shadowmage/ancientwarfare/structure/proxy/ClientProxyStructure.java,3,codechicken\.lib
structure,entity/ai,src/main/java/net/shadowmage/ancientwarfare/structure/registry/EntitySpawnNBTRegistry.java,7,net\.minecraft\.entity\.
structure,block/blockstate,src/main/java/net/shadowmage/ancientwarfare/structure/registry/StructureBlockRegistry.java,4,net\.minecraft\.block\.
structure,block/blockstate,src/main/java/net/shadowmage/ancientwarfare/structure/render/BlankExtendedBlockStateContainer.java,15,BlockStateContainer
structure,block-entity,src/main/java/net/shadowmage/ancientwarfare/structure/render/GateProxyRenderer.java,5,TileEntitySpecialRenderer
structure,codechickenlib,src/main/java/net/shadowmage/ancientwarfare/structure/render/ParticleOnlyModel.java,3,codechicken\.lib
structure,rendering,src/main/java/net/shadowmage/ancientwarfare/structure/render/PreviewRenderer.java,7,GlStateManager | BufferBuilder
structure,block-entity,src/main/java/net/shadowmage/ancientwarfare/structure/render/ProtectionFlagRenderer.java,13,TileEntitySpecialRenderer
structure,rendering,src/main/java/net/shadowmage/ancientwarfare/structure/render/ProtectionFlagRenderer.java,11,GlStateManager | TRSRTransformation | IModelState
structure,codechickenlib,src/main/java/net/shadowmage/ancientwarfare/structure/render/ProtectionFlagRenderer.java,3,codechicken\.lib
structure,block-entity,src/main/java/net/shadowmage/ancientwarfare/structure/render/RenderAdvancedSpawner.java,10,TileEntitySpecialRenderer
structure,rendering,src/main/java/net/shadowmage/ancientwarfare/structure/render/RenderAdvancedSpawner.java,5,GlStateManager | BufferBuilder
structure,rendering,src/main/java/net/shadowmage/ancientwarfare/structure/render/RenderGateHelper.java,24,GlStateManager
structure,rendering,src/main/java/net/shadowmage/ancientwarfare/structure/render/RenderItemAdvancedLootChest.java,6,GlStateManager | TRSRTransformation | IModelState
structure,codechickenlib,src/main/java/net/shadowmage/ancientwarfare/structure/render/RenderItemAdvancedLootChest.java,3,codechicken\.lib
structure,block-entity,src/main/java/net/shadowmage/ancientwarfare/structure/render/RenderLootInfo.java,5,TileEntitySpecialRenderer
structure,block-entity,src/main/java/net/shadowmage/ancientwarfare/structure/render/RenderStructureBuilder.java,4,TileEntitySpecialRenderer
structure,rendering,src/main/java/net/shadowmage/ancientwarfare/structure/render/RenderStructureBuilder.java,3,GlStateManager
structure,block/blockstate,src/main/java/net/shadowmage/ancientwarfare/structure/render/SoundBlockRenderer.java,43,getStateFromMeta\( | getMetaFromState\(
structure,codechickenlib,src/main/java/net/shadowmage/ancientwarfare/structure/render/SoundBlockRenderer.java,3,codechicken\.lib
structure,block-entity,src/main/java/net/shadowmage/ancientwarfare/structure/render/StakeRenderer.java,6,TileEntitySpecialRenderer
structure,rendering,src/main/java/net/shadowmage/ancientwarfare/structure/render/StoneCoffinRenderer.java,8,GlStateManager | TRSRTransformation | IModelState
structure,codechickenlib,src/main/java/net/shadowmage/ancientwarfare/structure/render/StoneCoffinRenderer.java,3,codechicken\.lib
structure,block-entity,src/main/java/net/shadowmage/ancientwarfare/structure/render/StructureScannerRenderer.java,4,TileEntitySpecialRenderer
structure,rendering,src/main/java/net/shadowmage/ancientwarfare/structure/render/WoodenCoffinRenderer.java,8,GlStateManager | TRSRTransformation | IModelState
structure,codechickenlib,src/main/java/net/shadowmage/ancientwarfare/structure/render/WoodenCoffinRenderer.java,3,codechicken\.lib
structure,rendering,src/main/java/net/shadowmage/ancientwarfare/structure/render/gate/RenderGateBasic.java,24,GlStateManager
structure,rendering,src/main/java/net/shadowmage/ancientwarfare/structure/render/gate/RenderGateDouble.java,24,GlStateManager
structure,rendering,src/main/java/net/shadowmage/ancientwarfare/structure/render/gate/RenderGateRotatingBridge.java,24,GlStateManager
structure,rendering,src/main/java/net/shadowmage/ancientwarfare/structure/render/gate/RenderGateSingle.java,24,GlStateManager
structure,registry,src/main/java/net/shadowmage/ancientwarfare/structure/render/statue/StatueEntityRegistry.java,27,EntityRegistry
structure,entity/ai,src/main/java/net/shadowmage/ancientwarfare/structure/render/statue/StatueEntityRegistry.java,10,net\.minecraft\.entity\.
structure,registry,src/main/java/net/shadowmage/ancientwarfare/structure/render/statue/StatueRenderer.java,33,EntityRegistry
structure,block-entity,src/main/java/net/shadowmage/ancientwarfare/structure/render/statue/StatueRenderer.java,10,TileEntitySpecialRenderer
structure,rendering,src/main/java/net/shadowmage/ancientwarfare/structure/render/statue/StatueRenderer.java,5,GlStateManager
structure,registry,src/main/java/net/shadowmage/ancientwarfare/structure/sounds/SoundLoader.java,73,ForgeRegistries\.[A-Z_]+\.register
structure,entity/ai,src/main/java/net/shadowmage/ancientwarfare/structure/template/StructurePluginManager.java,6,net\.minecraft\.entity\.
structure,block/blockstate,src/main/java/net/shadowmage/ancientwarfare/structure/template/build/StructureBuilder.java,6,net\.minecraft\.block\.
structure,block/blockstate,src/main/java/net/shadowmage/ancientwarfare/structure/template/build/validation/StructureValidator.java,4,net\.minecraft\.block\.
structure,worldgen,src/main/java/net/shadowmage/ancientwarfare/structure/template/build/validation/StructureValidator.java,13,BiomeDictionary
structure,block/blockstate,src/main/java/net/shadowmage/ancientwarfare/structure/template/build/validation/StructureValidatorHarbor.java,5,net\.minecraft\.block\.
structure,block/blockstate,src/main/java/net/shadowmage/ancientwarfare/structure/template/build/validation/border/SmoothingMatrixBuilder.java,5,net\.minecraft\.block\.
structure,block/blockstate,src/main/java/net/shadowmage/ancientwarfare/structure/template/datafixes/fixers/BlockMetaToBlockStateFixer.java,56,getStateFromMeta\(
structure,block/blockstate,src/main/java/net/shadowmage/ancientwarfare/structure/template/plugin/defaultplugins/blockrules/TemplateRuleBed.java,3,net\.minecraft\.block\.
structure,block-entity,src/main/java/net/shadowmage/ancientwarfare/structure/template/plugin/defaultplugins/blockrules/TemplateRuleBed.java,10,net\.minecraft\.tileentity\.
structure,block/blockstate,src/main/java/net/shadowmage/ancientwarfare/structure/template/plugin/defaultplugins/blockrules/TemplateRuleBlockDoors.java,3,net\.minecraft\.block\.
structure,block/blockstate,src/main/java/net/shadowmage/ancientwarfare/structure/template/plugin/defaultplugins/blockrules/TemplateRuleBlockSign.java,3,net\.minecraft\.block\.
structure,block-entity,src/main/java/net/shadowmage/ancientwarfare/structure/template/plugin/defaultplugins/blockrules/TemplateRuleBlockSign.java,8,net\.minecraft\.tileentity\.
structure,block-entity,src/main/java/net/shadowmage/ancientwarfare/structure/template/plugin/defaultplugins/blockrules/TemplateRuleFlowerPot.java,9,net\.minecraft\.tileentity\.
structure,block-entity,src/main/java/net/shadowmage/ancientwarfare/structure/template/plugin/defaultplugins/blockrules/TemplateRuleVanillaSkull.java,8,net\.minecraft\.tileentity\.
structure,block-entity,src/main/java/net/shadowmage/ancientwarfare/structure/template/plugin/defaultplugins/blockrules/TemplateRuleVanillaSpawner.java,8,net\.minecraft\.tileentity\.
structure,block/blockstate,src/main/java/net/shadowmage/ancientwarfare/structure/template/plugin/defaultplugins/blockrules/TemplateRuleVine.java,9,net\.minecraft\.block\.
structure,entity/ai,src/main/java/net/shadowmage/ancientwarfare/structure/template/plugin/defaultplugins/entityrules/TemplateRuleEntity.java,4,net\.minecraft\.entity\.
structure,entity/ai,src/main/java/net/shadowmage/ancientwarfare/structure/template/plugin/defaultplugins/entityrules/TemplateRuleEntityHanging.java,3,net\.minecraft\.entity\.
structure,registry,src/main/java/net/shadowmage/ancientwarfare/structure/tile/SpawnerSettings.java,20,EntityRegistry
structure,entity/ai,src/main/java/net/shadowmage/ancientwarfare/structure/tile/SpawnerSettings.java,6,net\.minecraft\.entity\.
structure,block-entity,src/main/java/net/shadowmage/ancientwarfare/structure/tile/TEGateProxy.java,5,ITickable
structure,block-entity,src/main/java/net/shadowmage/ancientwarfare/structure/tile/TileAdvancedSpawner.java,6,ITickable
structure,block-entity,src/main/java/net/shadowmage/ancientwarfare/structure/tile/TileCoffin.java,7,ITickable
structure,block-entity,src/main/java/net/shadowmage/ancientwarfare/structure/tile/TileDraftingStation.java,8,ITickable
structure,block/blockstate,src/main/java/net/shadowmage/ancientwarfare/structure/tile/TileSoundBlock.java,184,getStateFromMeta\( | getMetaFromState\(
structure,block-entity,src/main/java/net/shadowmage/ancientwarfare/structure/tile/TileSoundBlock.java,8,ITickable
structure,block-entity,src/main/java/net/shadowmage/ancientwarfare/structure/tile/TileStructureBuilder.java,8,ITickable
structure,block/blockstate,src/main/java/net/shadowmage/ancientwarfare/structure/town/TownGeneratorBorders.java,3,net\.minecraft\.block\.
structure,worldgen,src/main/java/net/shadowmage/ancientwarfare/structure/town/WorldTownGenerator.java,7,IWorldGenerator | WorldGenerator
structure,entity/ai,src/main/java/net/shadowmage/ancientwarfare/structure/util/LootHelper.java,4,net\.minecraft\.entity\.
structure,rendering,src/main/java/net/shadowmage/ancientwarfare/structure/util/WoodVariantHelper.java,65,ModelLoader\.setCustom
structure,block/blockstate,src/main/java/net/shadowmage/ancientwarfare/structure/worldgen/WorldStructureGenerator.java,4,net\.minecraft\.block\.
structure,worldgen,src/main/java/net/shadowmage/ancientwarfare/structure/worldgen/WorldStructureGenerator.java,12,IWorldGenerator | WorldGenerator
vehicle,lifecycle/proxy,src/main/java/net/shadowmage/ancientwarfare/vehicle/AncientWarfareVehicles.java,5,net\.minecraftforge\.fml\.common\.event\.FML | net\.minecraftforge\.fml\.common\.SidedProxy | net\.minecraftforge\.fml\.common\.Mod\.(?:EventHandler|Instance)
vehicle,block/blockstate,src/main/java/net/shadowmage/ancientwarfare/vehicle/entity/VehicleBase.java,4,net\.minecraft\.block\.
vehicle,gui/menu,src/main/java/net/shadowmage/ancientwarfare/vehicle/gui/GuiVehicleAmmoSelection.java,25,GuiContainer
vehicle,gui/menu,src/main/java/net/shadowmage/ancientwarfare/vehicle/gui/GuiVehicleInventory.java,25,GuiContainer | GuiScreen
vehicle,gui/menu,src/main/java/net/shadowmage/ancientwarfare/vehicle/gui/GuiVehicleStats.java,27,GuiContainer | GuiScreen
vehicle,gui/menu,src/main/java/net/shadowmage/ancientwarfare/vehicle/gui/elements/ButtonAmmo.java,71,GuiButton
vehicle,gui/menu,src/main/java/net/shadowmage/ancientwarfare/vehicle/helpers/VehicleFiringVarsHelper.java,68,openGui\(
vehicle,block/blockstate,src/main/java/net/shadowmage/ancientwarfare/vehicle/helpers/VehicleMoveHelper.java,5,net\.minecraft\.block\.
vehicle,registry,src/main/java/net/shadowmage/ancientwarfare/vehicle/init/AWVehicleEntities.java,4,EntityRegistry
vehicle,registry,src/main/java/net/shadowmage/ancientwarfare/vehicle/init/AWVehicleItems.java,4,RegistryEvent | GameRegistry | ObjectHolder
vehicle,registry,src/main/java/net/shadowmage/ancientwarfare/vehicle/init/AWVehicleSounds.java,5,RegistryEvent | GameRegistry | ObjectHolder
vehicle,gui/menu,src/main/java/net/shadowmage/ancientwarfare/vehicle/input/VehicleInputHandler.java,144,openGui\(
vehicle,codechickenlib,src/main/java/net/shadowmage/ancientwarfare/vehicle/input/VehicleInputHandler.java,3,codechicken\.lib
vehicle,rendering,src/main/java/net/shadowmage/ancientwarfare/vehicle/item/ItemSpawner.java,156,ModelLoader\.setCustom
vehicle,block/blockstate,src/main/java/net/shadowmage/ancientwarfare/vehicle/pathing/Navigator.java,4,net\.minecraft\.block\.
vehicle,block/blockstate,src/main/java/net/shadowmage/ancientwarfare/vehicle/pathing/PathWorldAccess.java,4,net\.minecraft\.block\.
vehicle,registry,src/main/java/net/shadowmage/ancientwarfare/vehicle/registry/SmeltingRecipeRegistry.java,7,RegistryEvent
vehicle,rendering,src/main/java/net/shadowmage/ancientwarfare/vehicle/render/RenderOverlayAdvanced.java,4,GlStateManager
vehicle,rendering,src/main/java/net/shadowmage/ancientwarfare/vehicle/render/RenderVehicle.java,5,GlStateManager | BufferBuilder
vehicle,rendering,src/main/java/net/shadowmage/ancientwarfare/vehicle/render/missile/RenderMissileBase.java,4,GlStateManager
vehicle,rendering,src/main/java/net/shadowmage/ancientwarfare/vehicle/render/vehicle/RenderTrebuchetLarge.java,3,GlStateManager
